日期,平均光学效率,平均余弦效率,平均阴影遮挡效率,平均截断效率,单位面积镜面平均输出热功率(kW/m2)
1月,0.5254,0.7227,0.8701,0.9682,0.459
2月,0.5621,0.7436,0.8978,0.9668,0.5306
3月,0.5912,0.7647,0.9126,0.9658,0.5882
4月,0.6072,0.7832,0.9113,0.9651,0.6249
5月,0.6157,0.7934,0.9096,0.9653,0.6433
6月,0.6183,0.7965,0.909,0.9655,0.6488
7月,0.6157,0.7933,0.9097,0.9653,0.6432
8月,0.6067,0.7825,0.9114,0.9652,0.6236
9月,0.5902,0.7636,0.9124,0.9657,0.5858
10月,0.5577,0.7409,0.8951,0.967,0.5223
11月,0.5196,0.7209,0.8643,0.9683,0.45
12月,0.5014,0.7136,0.8465,0.9687,0.4178
