日期,平均光学效率_改前,平均余弦效率_改前,平均阴影遮挡效率_改前,平均截断效率_改前,单位面积镜面平均输出热功率(kW/m2)_改前,平均光学效率_改后,平均余弦效率_改后,平均阴影遮挡效率_改后,平均截断效率_改后,单位面积镜面平均输出热功率(kW/m2)_改后,平均输出热功率(MW)
1月21日,0.5254,0.7227,0.8701,0.9682,0.459,0.5390687563937228,0.7199357645888931,0.9129858627957091,0.9456828407872248,0.469911690456728,29.51985239449165
2月21日,0.5621,0.7436,0.8978,0.9668,0.5306,0.5656900702639811,0.7404403534324023,0.931199886334036,0.9394322143781249,0.5333989260925026,33.50812053713101
3月21日,0.5912,0.7647,0.9126,0.9658,0.5882,0.584558379120246,0.7611400155242694,0.9346856425679037,0.9370462202298574,0.5815011703237477,36.52990351973783
4月21日,0.6072,0.7832,0.9113,0.9651,0.6249,0.6014897114534741,0.7793399688015804,0.9357834663382985,0.936987855572056,0.6190629362353356,38.88953365430377
5月21日,0.6157,0.7934,0.9096,0.9653,0.6433,0.6115978347997578,0.7893169790185318,0.9361585640199864,0.9381612509214626,0.6390787218914369,40.14692530922006
6月21日,0.6183,0.7965,0.909,0.9655,0.6488,0.6150319605586472,0.7923588161186513,0.9365374505671458,0.9387228874859558,0.6453935708296631,40.54362411951943
7月21日,0.6157,0.7933,0.9097,0.9653,0.6432,0.6114880169247113,0.7892118485533424,0.9361528807217788,0.9381463370350832,0.6388684945900425,40.13371883014648
8月21日,0.6067,0.7825,0.9114,0.9652,0.6236,0.6007689852174614,0.7786369464142086,0.9356991640815552,0.936944515771708,0.6176115348451892,38.79835661897478
9月21日,0.5902,0.7636,0.9124,0.9657,0.5858,0.5836125178070046,0.760091980647646,0.9345909209311138,0.9371139080823636,0.5792412431322906,36.387934893570495
10月21日,0.5577,0.7409,0.8951,0.967,0.5223,0.5630713116695849,0.7378354067357697,0.930009235359587,0.9401428596331112,0.5265474751948379,33.07771239173972
11月21日,0.5196,0.7209,0.8643,0.9683,0.45,0.5360221291944869,0.7181956131161303,0.9105401501337944,0.9460052106302916,0.4633701884507495,29.108915238476087
12月21日,0.5014,0.7136,0.8465,0.9687,0.4178,0.5229180664358332,0.7110822837708975,0.8991214568187738,0.947540367546478,0.4352226476733558,27.340686726840215
