month_index,solar_time,dni,optical,cosine,shadow_blocking,truncation,atmosphere,total_power_kw,unit_area_power_kw_m2
0,9.0,0.7925396841601169,0.5086866779458761,0.7024362409191177,0.8832839991475053,0.9540312396203413,0.9651603367995296,25326.158093534446,0.40315437907568363
0,10.5,0.9100911454852126,0.5556610584582853,0.7285806318767748,0.931497312273556,0.940906335504192,0.9651603367995296,31768.212781556183,0.5057022091938266
0,12.0,0.9391840362887128,0.5637270052323305,0.7376450687803956,0.933979019157451,0.9386644925117223,0.9651603367995296,33259.634648015024,0.5294434041390484
0,13.5,0.9100911454852126,0.5563979469001038,0.7285806340393787,0.9316536029742594,0.9406318621976889,0.9651603367995296,31810.342112844774,0.5063728448399359
0,15.0,0.7925396841601169,0.5108710934320182,0.7024362473287984,0.8845153804257738,0.9541802741021791,0.9651603367995296,25434.914336507823,0.40488561503514525
1,9.0,0.8875714408097993,0.5474013695966198,0.7224441363285535,0.9234980700466504,0.9430372365806573,0.9651603367995296,30521.5883977736,0.4858578223141293
1,10.5,0.9708000370097122,0.5739165070785913,0.7493379440340653,0.9347462644154492,0.9377242143584104,0.9651603367995296,35000.67600774379,0.5571581663123812
1,12.0,0.9921771917861091,0.5823563231906379,0.7586375961506564,0.9367306827061972,0.9360863292088129,0.9651603367995296,36297.43754677157,0.5778006613621709
1,13.5,0.9708000370097122,0.5750282153539891,0.7493379469999787,0.9355703426555211,0.9374976901158879,0.9651603367995296,35068.474268784215,0.5582374127472813
1,15.0,0.8875714408097993,0.5497479361000671,0.7224441436487582,0.9254540718463615,0.9428156016268547,0.9651603367995296,30652.426464581877,0.4879405677265501
2,9.0,0.9548220128815966,0.5671286705518801,0.7431561026513906,0.9299533495938809,0.9392372620443966,0.9651603367995296,34017.46589410998,0.5415069387792101
2,10.5,1.0147803402321796,0.5916956310235573,0.7700353526529637,0.9358829240569276,0.9357619040582581,0.9651603367995296,37719.7095102532,0.6004410937639796
2,12.0,1.030801341050838,0.6014343978513262,0.7793171559227529,0.9384451443320939,0.9356311525436437,0.9651603367995296,38945.84849403811,0.6199593838592504
2,13.5,1.0147803402321796,0.5935147022238018,0.7700353561447396,0.9377868289564043,0.9355407794709639,0.9651603367995296,37835.672572432646,0.6022870514554703
2,15.0,0.9548220128815966,0.5690184939506646,0.7431561102494996,0.9313599659002108,0.9390600030320251,0.9651603367995296,34130.82112785523,0.5433113837608283
3,9.0,0.9992774792374354,0.5831162649308691,0.762027459105548,0.9316772833834569,0.9367598272267746,0.9651603367995296,36604.8968420774,0.5826949513224674
3,10.5,1.0440430323468193,0.6088998692730586,0.7879034841707135,0.9367638352790737,0.9365634421245546,0.9651603367995296,39935.78377255578,0.635717665911426
3,12.0,1.0564526886101677,0.620082982630118,0.7968379466321319,0.939278694735845,0.9384527756637187,0.9651603367995296,41152.649151994025,0.6550883341610001
3,13.5,1.0440430323468193,0.6104683677406352,0.7879034877636824,0.9383125340405882,0.9364363826517724,0.9651603367995296,40038.6565416426,0.6373552458077459
3,15.0,0.9992774792374354,0.5848810726926897,0.7620274663358263,0.932884984252528,0.9367268501934604,0.9651603367995296,36715.68196324908,0.5844584839740382
4,9.0,1.0199091178996695,0.5931839301218559,0.7728867910886827,0.9330838996897866,0.9361720373034099,0.9651603367995296,38005.704166332886,0.6049936989228413
4,10.5,1.05724714116401,0.6189983616752596,0.7974425471823199,0.936834876506666,0.9384352724252053,0.9651603367995296,41111.55947609362,0.6544342482663741
4,12.0,1.067847324679981,0.6306585000027616,0.8059262084662929,0.9388287669610932,0.9415846464664271,0.9651603367995296,42305.9400383596,0.6734469920146386
4,13.5,1.05724714116401,0.6207547593919698,0.797442550576516,0.938530393805205,0.9384221980398979,0.9651603367995296,41228.21285300852,0.656291194731113
4,15.0,1.0199091178996695,0.5943936228069426,0.7728867977788476,0.9335148831371807,0.9361921003723724,0.9651603367995296,38083.21001230572,0.6062274755222177
5,9.0,1.0258814453378144,0.5966738517636532,0.7763468612469179,0.9337469511473158,0.9361249565657468,0.9651603367995296,38453.16691286271,0.6121166334425774
5,10.5,1.0608998716279543,0.622416680642831,0.8002766853793036,0.9371806104809491,0.9391870632598646,0.9651603367995296,41481.414005577084,0.6603217765930768
5,12.0,1.070928078720152,0.6341318851761772,0.8085469776207052,0.93885718345213,0.9429161283721809,0.9651603367995296,42661.66767569499,0.6791096414469117
5,13.5,1.0608998716279543,0.6241545988538548,0.800276688649587,0.9388050865518957,0.9392309454828124,0.9651603367995296,41597.238833319265,0.6621655338000519
5,15.0,1.0258814453378144,0.5977827863567198,0.7763468676967433,0.9340974212034384,0.9361553437491744,0.9651603367995296,38524.633170143126,0.6132542688656977
6,9.0,1.0197008955484417,0.5930736798548666,0.772768918029193,0.9330554831987495,0.9361853375173085,0.9651603367995296,37990.882638630326,0.6047577624742172
6,10.5,1.0571176853203668,0.6189143653888138,0.7973437444389483,0.936872765161382,0.9384047583278536,0.9651603367995296,41100.947487291596,0.6542653213513466
6,12.0,1.067737230730951,0.630520524864087,0.8058339077349466,0.9388145587155746,0.9415344231936859,0.9651603367995296,42292.32362261185,0.6732302391374061
6,13.5,1.0571176853203668,0.6206410744219589,0.7973437478367575,0.9385256577233655,0.938398449530411,0.9651603367995296,41215.615010402886,0.6560906560076868
6,15.0,1.0197008955484417,0.59429044009383,0.7727689247268664,0.9334959388098226,0.936208716606158,0.9651603367995296,38068.82539179571,0.6059984939795561
7,9.0,0.9977427318250117,0.5824511134268013,0.7612808222028519,0.9315636174193089,0.9368466047657671,0.9651603367995296,36506.986453381825,0.5811363650649766
7,10.5,1.0430419872496848,0.6081615578577275,0.7872220891585139,0.9367070022969997,0.9364713375027908,0.9651603367995296,39849.11566505984,0.6343380398767883
7,12.0,1.0555804546135885,0.6193965042719726,0.7961788984925837,0.9393781524544744,0.9382443266689257,0.9651603367995296,41073.15103278322,0.6538228435654763
7,13.5,1.0430419872496848,0.6097116249441087,0.7872220927567437,0.9381799237490824,0.9363644902501951,0.9651603367995296,39950.6821021615,0.6359548249309377
7,15.0,0.9977427318250117,0.5841241255866967,0.7612808294603495,0.9326671244879112,0.9367958196708607,0.9651603367995296,36611.84784148752,0.582805600787767
8,9.0,0.951910281491356,0.5662907857100986,0.7420918541130717,0.9299486135120415,0.9393760075675757,0.9651603367995296,33863.62489374782,0.5390580212312611
8,10.5,1.0128606871270214,0.5907933098092789,0.7689952270848303,0.9358923962206067,0.9358022676165527,0.9651603367995296,37590.942579388604,0.5983913177234734
8,12.0,1.029113867315742,0.6004235859674679,0.7782857297680715,0.9383646309408227,0.935586544169914,0.9651603367995296,38816.74426775685,0.6179042385825668
8,13.5,1.0128606871270214,0.5924241031246278,0.7689952305587139,0.9374837197186768,0.9355863069730095,0.9651603367995296,37694.7065470204,0.6000430841614199
8,15.0,0.951910281491356,0.5681308044235499,0.7420918617135425,0.9312652442634209,0.9392184140847669,0.9651603367995296,33973.65617993882,0.540809553962732
9,9.0,0.8773667250613626,0.5441339720583643,0.7198772773384815,0.9207985033981388,0.9442395733801074,0.9651603367995296,29990.584679356412,0.47740504105947806
9,10.5,0.9642046537630655,0.5718326366277121,0.7467134392176163,0.9347794169883256,0.9380669114193841,0.9651603367995296,34636.666968738966,0.551363689410044
9,12.0,0.9863991872887538,0.5801264835512328,0.755995590450285,0.9366122806602099,0.9363225284984754,0.9651603367995296,35947.88385713403,0.5722362918996184
9,13.5,0.9642046537630655,0.5726510593495312,0.7467134420950705,0.9351204148807691,0.9378448474468387,0.9651603367995296,34686.23992669826,0.5521528164071675
9,15.0,0.8773667250613626,0.5466124067610839,0.7198772845773955,0.9227355608704919,0.9442404374207507,0.9651603367995296,30127.18652677092,0.4795795371978816
10,9.0,0.7826585293571621,0.5038235915788899,0.7007578208824298,0.8782921688886784,0.9543641235532128,0.9651603367995296,24771.297438533074,0.39432183124057746
10,10.5,0.9038461636315565,0.5537743015980797,0.7268092017292535,0.9306874422790026,0.9411654215266783,0.9651603367995296,31443.092195038545,0.5005267780171688
10,12.0,0.9337570792998366,0.5620204781268521,0.7358440119692822,0.9334769944824646,0.9389554167020785,0.9651603367995296,32967.34550220367,0.5247906001624272
10,13.5,0.9038461636315565,0.5545814071642997,0.726809203813496,0.9308437329797059,0.94099580266543,0.9651603367995296,31488.91933915944,0.5012562772868424
10,15.0,0.7826585293571621,0.505910867504313,0.7007578271861898,0.8794004120391201,0.9545452887040584,0.9651603367995296,24873.92171744569,0.3959554555467318
11,9.0,0.738621609586637,0.48281690885171696,0.6939267287792952,0.8560894172251295,0.9553592885889857,0.9651603367995296,22402.805727733783,0.3566190023516998
11,10.5,0.8760418877074063,0.5453043048774903,0.7195529829637208,0.9248573255345853,0.9437148188449692,0.9651603367995296,30009.70530077908,0.4777094126198516
11,12.0,0.909644265976888,0.5550670561665749,0.7284519877952695,0.9316393947287409,0.940093439342697,0.9651603367995296,31718.67014542213,0.5049135648745962
11,13.5,0.8760418877074063,0.546174175836996,0.7195529847136594,0.925046768808165,0.9436264793278507,0.9651603367995296,30057.57686700546,0.4784714560172789
11,15.0,0.738621609586637,0.48522788644638726,0.6939267346025432,0.8579743777972483,0.9549078116278867,0.9651603367995296,22514.675593260607,0.3583998025033525
