日期,平均光学效率,平均余弦效率,平均阴影遮挡效率,平均截断效率,单位面积镜面平均输出热功率(kW/m2),平均输出热功率(MW)
1月21日,0.5390687563937228,0.7199357645888931,0.9129858627957091,0.9456828407872248,0.469911690456728,29.51985239449165
2月21日,0.5656900702639811,0.7404403534324023,0.931199886334036,0.9394322143781247,0.5333989260925026,33.50812053713101
3月21日,0.584558379120246,0.7611400155242694,0.9346856425679035,0.9370462202298574,0.5815011703237477,36.52990351973783
4月21日,0.6014897114534741,0.7793399688015804,0.9357834663382985,0.9369878555720561,0.6190629362353356,38.88953365430377
5月21日,0.6115978347997578,0.7893169790185318,0.9361585640199863,0.9381612509214626,0.6390787218914369,40.14692530922006
6月21日,0.6150319605586472,0.7923588161186513,0.9365374505671458,0.9387228874859558,0.6453935708296631,40.54362411951943
7月21日,0.6114880169247113,0.7892118485533424,0.9361528807217787,0.9381463370350833,0.6388684945900425,40.13371883014648
8月21日,0.6007689852174614,0.7786369464142086,0.9356991640815553,0.9369445157717079,0.6176115348451892,38.79835661897478
9月21日,0.5836125178070046,0.760091980647646,0.9345909209311138,0.9371139080823637,0.5792412431322906,36.387934893570495
10月21日,0.5630713116695849,0.7378354067357697,0.930009235359587,0.9401428596331112,0.5265474751948379,33.07771239173972
11月21日,0.5360221291944869,0.7181956131161303,0.9105401501337944,0.9460052106302916,0.4633701884507495,29.108915238476087
12月21日,0.5229180664358332,0.7110822837708975,0.8991214568187738,0.947540367546478,0.43522264767335583,27.340686726840215
